"iteration","t1","T","total_cost"
1,0.186140108196709,0.803817056382846,337.643891506341
2,0.484975866657497,1.19055843451169,279.887829607394
3,0.967980648818447,1.74369843466216,245.153292089706
