"iteration","t1","T","fuzzy_total_cost"
1,0.194076992519154,0.8060103464497,334.008068129239
2,0.497232380054788,1.19506015147108,275.082200470723
3,0.985382785131819,1.7526688282234,239.445958447173
